# 由 qingjian-dict-convert vietnamese 从 glossary-vi.tsv 生成。词	telex	词频
tôi	tooi	120000
yêu	yeeu	119900
yếu	yeeus	119800
tiếng	tieengs	119700
việt	vieetj	119600
Việt	vieetj	119500
Nam	nam	119400
nam	nam	119300
em	em	119200
trai	trai	119100
đẹp	ddepj	100014
gầm	gaamf	100000
cầm	caamf	99999
hét	hets	99998
sáng	sangs	99994
núi	nuis	99992
nắm	nawms	99991
cào	caof	99985
vẫy	vaayx	99985
gãi	gaix	99984
gỗ	goox	99983
phẩy	phaayr	99983
cây	caay	99980
nhúng	nhungs	99978
chảy	chayr	99976
gấp	gaaps	99976
sông	soong	99976
chìm	chimf	99975
suối	suoois	99975
vội	vooij	99973
tuôn	tuoon	99972
đá	ddas	99971
nhìn	nhinf	99969
chó	chos	99968
thú	thus	99967
trắng	trawngs	99966
mỡ	mowx	99964
cánh	canhs	99962
lúa	luas	99961
lượn	luwownj	99955
thịt	thitj	99955
cỏ	cor	99951
làng	langf	99950
sâu	saau	99950
ấp	aaps	99942
cuốc	cuoocs	99938
cò	cof	99931
một	mootj	99925
nghiễm	nghieemx	99923
vài	vaif	99878
cùng	cungf	99822
xíu	xius	99801
như	nhuw	99767
vùng	vungf	99728
đều	ddeeuf	99710
mọi	moij	99710
từng	tuwngf	99710
hễ	heex	99645
hơi	howi	99572
ít	its	99564
luôn	luoon	99539
suốt	suoots	99539
liền	lieenf	99395
Đinh	ddinh	99341
bảy	bayr	99315
vạn	vanj	99252
nhỡ	nhowx	99251
chồng	choongf	99124
ba	ba	99121
lên	leen	98895
trên	treen	98890
sếp	seeps	98849
Chúa	chuas	98804
nghiện	nghieenj	98732
của	cuar	98730
áo	aos	98689
dưới	duwowis	98640
chết	cheets	98639
cằm	cawmf	98555
xuống	xuoongs	98528
cược	cuwowcj	98501
giảm	giamr	98454
mưa	muwa	98424
không	khoong	98414
khác	khacs	98413
đắt	ddawts	98340
cấm	caams	98330
ghét	ghets	98223
thiếu	thieeus	98206
dở	dowr	98193
xấu	xaaus	98191
khó	khos	98162
buồn	buoonf	98131
chớ	chows	98122
khỏi	khoir	98113
muộn	muoonj	98033
hơn	hown	97995
dù	duf	97898
tiếc	tieecs	97846
đừng	dduwngf	97834
rẻ	rer	97781
nhưng	nhuwng	97759
ngại	ngaij	97755
gần	gaanf	97751
tắc	tawcs	97739
thấp	thaaps	97715
và	vaf	97713
với	vowis	97708
thà	thaf	97701
khất	khaats	97681
chuyên	chuyeen	97655
riêng	rieeng	97628
lớn	lowns	97565
đời	ddowif	97560
đồi	ddooif	97494
gò	gof	97494
lính	linhs	97494
Sớc-chin	sowc-chins	97487
sẩn	saanr	97485
bính	binhs	97483
đã	ddax	97472
ngành	nganhf	97471
nghiệp	nghieepj	97469
đông	ddoong	97446
thứ	thuws	97269
đồ	ddoof	97265
lụa	luaj	97242
tơ	tow	97233
mướp	muwowps	97220
mất	maats	97219
thừa	thuwaf	97209
vứt	vuwts	97207
nghiêm	nghieem	97085
người	nguwowif	97015
giữa	giuwax	96958
ĐCSTQ	ddcstq	96933
trưa	truwa	96919
nơtron	nowtron	96851
thích	thichs	96812
vừa	vuwaf	96744
Trung-Bồ	trung-boof	96712
Trung-Hàn	trung-hanf	96674
xiên	xieen	96616
xâu	xaau	96615
viên	vieen	96478
đan	ddan	96469
Đaniel	ddaniel	96454
để	ddeer	96444
vì	vif	96444
cho	cho	96441
nhằm	nhawmf	96395
chủ	chur	96368
chính	chinhs	96259
Rê-bê-ca	ree-bee-ca	96201
nêu	neeu	96198
giơ	giow	96197
là	laf	96158
lâu	laau	96144
à	af	96130
chụt	chutj	96119
chậc	chaacj	96117
nghĩa	nghiax	96113
loạn	loanj	96060
trước	truwowcs	96056
lực	luwcj	96047
thế	thees	96045
chỗ	choox	96039
ngoài	ngoaif	96039
điểm	ddieemr	96037
đêm	ddeem	96036
hạng	hangj	96025
bọn	bonj	96023
tình	tinhf	96022
ý	ys	96022
thuật	thuaatj	96013
phép	pheps	96012
đường	dduwowngf	96008
vật	vaatj	96007
lúc	lucs	96004
tiếng	tieengs	95998
tuổi	tuooir	95996
đen	dden	95994
tối	toois	95993
mực	muwcj	95941
quạ	quaj	95931
rùa	ruaf	95925
thoạt	thoatj	95924
ư	uw	95921
chăng	chawng	95920
bốp	boops	95848
păng	pawng	95841
Kiều	kieeuf	95840
đi	ddi	95823
nhân	nhaan	95812
ngồi	ngooif	95799
tích	tichs	95791
ất	aats	95779
gì	gif	95765
chín	chins	95757
cũng	cungx	95679
chỉ	chir	95658
học	hocj	95585
quê	quee	95556
xã	xax	95554
sách	sachs	95502
viết	vieets	95500
sữa	suwax	95365
ngực	nguwcj	95362
vú	vus	95362
khô	khoo	95330
cái	cais	95329
rồi	rooif	95329
càn	canf	95326
hiểu	hieeur	95318
giành	gianhf	95305
việc	vieecj	95275
chuyện	chuyeenj	95272
hãng	hangx	95242
đietyl	ddietyl	95208
đicloro	ddicloro	95117
đien	ddien	95112
điol	ddiol	95069
ở	owr	95062
vào	vaof	95060
lỗ	loox	95052
thiệt	thieetj	95046
mây	maay	95039
Kỳ	kyf	94942
năm	nawm	94937
giếng	gieengs	94792
Á	as	94768
mờ	mowf	94766
A-lịch-sơn	a-lich-sownj	94754
A-đam	a-ddam	94745
A-sơ	a-sow	94738
A-ri-xtốt	a-ri-xtoots	94716
A-ma-dôn	a-ma-doon	94713
nộp	noopj	94691
cường	cuwowngf	94684
đóng	ddongs	94612
Hợi	howij	94562
có	cos	94502
hưởng	huwowngr	94498
thọ	thoj	94496
Kinh-Tân-Ký	kinh-taan-kys	94466
chòi	choif	94454
đình	ddinhf	94454
bóng	bongs	94447
cưng	cuwng	94427
hôn	hoon	94412
ôm	oom	94401
ruột	ruootj	94380
đẻ	dder	94378
thật	thaatj	94362
Bạc	bacj	94360
pêđê	peeddee	94284
AI	ai	94266
ai	ai	94104
đêcamét	ddeecamets	94065
anh	anh	94058
trắc	trawcs	94026
này	nayf	93956
vẫn	vaanx	93941
từ	tuwf	93932
làm	lamf	93929
lôn	loon	93875
con	con	93863
kỹ	kyx	93855
họ	hoj	93846
gậy	gaayj	93821
trả	trar	93806
tiên	tieen	93786
ngàn	nganf	93752
nghìn	nghinf	93752
mã	max	93717
khiến	khieens	93699
lấy	laays	93677
bằng	bawngf	93674
tưởng	tuwowngr	93666
kẻo	keor	93657
cũ	cux	93651
Ít-ra-en	it-ra-ens	93598
các	cacs	93559
giá	gias	93521
mỏng	mongr	93519
tùy	tuyf	93493
phần	phaanf	93459
nhái	nhais	93451
đứng	dduwngs	93441
Ê-li-da-bét	ee-li-da-bets	93403
nàng	nangf	93402
Isère	iseref	93363
Ê-li-sa-bét	ee-li-sa-bets	93344
Cấp	caaps	93327
chặt	chawtj	93306
đốn	ddoons	93302
fắc	fawcs	93299
nghỉ	nghir	93299
dừng	duwngf	93298
choáng	choangs	93290
sốc	soocs	93290
nhiều	nhieeuf	93272
ngừng	nguwngf	93271
mốt	moots	93248
tốt	toots	93241
biết	bieets	93183
sẽ	sex	93174
lát	lats	93168
phiên	phieen	93082
ô	oo	93064
chuyển	chuyeenr	93057
truyền	truyeenf	93051
sẹo	seoj	92948
Luân	luaan	92921
giả	giar	92894
ngụy	nguyj	92891
bác	bacs	92868
huyền	huyeenf	92868
tôi	tooi	92830
bạn	banj	92826
đoán	ddoans	92823
duỗi	duooix	92797
vươn	vuwown	92796
chờ	chowf	92789
rình	rinhf	92782
giống	gioongs	92779
tựa	tuwaj	92778
già	giaf	92768
nhẹ	nhej	92692
trầm	traamf	92682
đáy	ddays	92657
chậm	chaamj	92652
sống	soongs	92649
Gioóc	gioocs	92608
thể	theer	92595
nào	naof	92522
đâu	ddaau	92508
José	joses	92506
dư	duw	92468
Phật	phaatj	92418
chùa	chuaf	92407
vẽ	vex	92317
đau	ddau	92312
thôi	thooi	92312
còng	congf	92291
gù	guf	92291
Đồng	ddoongf	92288
ngài	ngaif	91952
ông	oong	91952
đeo	ddeo	91860
Ngõa	ngoax	91856
Pécs	pecss	91836
Péronne	peronnes	91832
Pérez	perezs	91827
gã	gax	91826
trăm	trawm	91816
Nại	naij	91794
Thuyên	thuyeen	91790
dùng	dungf	91767
lệ	leej	91737
lùn	lunf	91708
thiếp	thieeps	91611
bên	been	91610
phía	phias	91607
sườn	suwownf	91591
em	em	91560
hầu	haauf	91554
Sửu	suwur	91546
thẳng	thawngr	91532
thì	thif	91531
bô	boo	91499
Nga-Bỉ	nga-bir	91464
thớt	thowts	91446
tục	tucj	91434
hiếm	hieems	91422
giữ	giuwx	91419
lưu	luwu	91384
Phaolô	phaoloo	91337
Phao-lô	phao-loo	91327
đợi	ddowij	91286
thư	thuw	91281
sửa	suwar	91180
tỉa	tiar	91169
xơ	xow	91165
Siu-xơ	siu-xow	91154
vá	vas	91132
cúi	cuis	91112
rất	raats	91098
ngã	ngax	91072
bỗng	boongx	91070
đổ	ddoor	91069
chợt	chowtj	91068
nếu	neeus	91003
bướng	buwowngs	90994
Thùy	thuyf	90991
dựa	duwaj	90977
mượn	muwownj	90965
nhờ	nhowf	90958
cớ	cows	90957
chán	chans	90921
Tông	toong	90909
Thiến	thieens	90907
Nghê	nghee	90901
nợ	nowj	90896
Bôn	boon	90893
đáng	ddangs	90878
nghiêng	nghieeng	90867
trực	truwcj	90867
dốc	doocs	90850
gọi	goij	90846
xưng	xuwng	90833
kệ	keej	90772
cứ	cuws	90768
lệch	leechj	90743
nói	nois	90704
mơ	mow	90677
đậu	ddaauj	90637
đỗ	ddoox	90636
Tiết	tieets	90574
trộm	troomj	90559
Phó	phos	90505
Nậu	naauj	90497
Thái	thais	90492
Giác	giacs	90491
giục	giucj	90467
thúc	thucs	90467
ngốc	ngoocs	90434
khờ	khowf	90429
giết	gieets	90409
ảnh	anhr	90393
thuê	thuee	90393
tăng	tawng	90384
mướn	muwowns	90382
tiếm	tieems	90369
Đam	ddam	90346
Nhương	nhuwowng	90327
hứa	huwas	90293
nạp	napj	90240
đầy	ddaayf	90224
sạc	sacj	90218
triệu	trieeuj	90210
mịn	minj	90090
Cơ-rô	cow-roo	89991
Crít	crits	89968
miễn	mieenx	89955
tránh	tranhs	89955
đổi	ddooir	89921
thỏ	thor	89910
Duyện	duyeenj	89896
đảng	ddangr	89893
túi	tuis	89842
yếm	yeems	89842
đựng	dduwngj	89841
võng	vongx	89837
nhập	nhaapj	89827
ngủ	ngur	89772
tám	tams	89625
đực	dduwcj	89542
công	coong	89541
milimét	milimets	89479
sáu	saus	89348
hề	heef	89283
Lancôme	lancoome	89257
tắt	tawts	89194
về	veef	89185
khớp	khowps	89139
hứng	huwngs	89078
điển	ddieenr	88965
lễ	leex	88956
đây	ddaay	88953
nuôi	nuooi	88948
dưỡng	duwowngx	88941
kiêm	kieem	88889
Ký	kys	88857
Ký-Sát	ky-sats	88853
chứa	chuwas	88831
uống	uoongs	88788
lõi	loix	88785
săm	sawm	88746
González	gonzalezs	88696
Nhiễm	nhieemx	88695
lại	laij	88694
nữa	nuwax	88688
ngượng	nguwowngj	88644
liều	lieeuf	88642
bốc	boocs	88641
đội	ddooij	88623
quân	quaan	88577
mũ	mux	88390
mào	maof	88379
mộ	mooj	88377
Phùng	phungf	88301
băng	bawng	88295
tắm	tawms	88223
xông	xoong	88222
dập	daapj	88206
rửa	ruwar	88199
hãm	hamx	88196
tráng	trangs	88194
quyết	quyeets	88172
lạnh	lanhj	88138
cước	cuwowcs	88043
sạch	sachj	88034
Tiển	tieenr	88034
ròng	rongf	88032
chuẩn	chuaanr	87998
mát	mats	87964
nộm	noomj	87946
gỏi	goir	87936
héo	heos	87931
rụng	rungj	87924
Lăng	lawng	87919
trừ	truwf	87910
góp	gops	87862
mấy	maays	87820
phàm	phamf	87771
phượng	phuwowngj	87752
thơm	thowm	87738
dứa	duwas	87734
bơi	bowi	87726
viếng	vieengs	87712
Khải	khair	87703
Kaitơ	kaitow	87686
dữ	duwx	87674
lồi	looif	87640
rãnh	ranhx	87636
lõm	lomx	87633
lún	luns	87628
xuất	xuaats	87627
do	do	87618
bán	bans	87593
cấp	caaps	87591
diễn	dieenx	87498
đánh	ddanhs	87428
đập	ddaapj	87424
hạ	haj	87401
hàm	hamf	87394
đục	dducj	87389
khoét	khoets	87383
chém	chems	87359
phân	phaan	87342
lưỡi	luwowix	87339
phát	phats	87319
nhánh	nhanhs	87269
cắt	cawts	87193
phút	phuts	87191
thái	thais	87180
Séc	secs	87179
ngắt	ngawts	87161
gặt	gawtj	87135
đăng	ddawng	87134
chèo	cheof	87093
vạch	vachj	87092
quẹt	quetj	87080
cột	cootj	87070
hàng	hangf	87069
Lép	leps	87055
Lênin	leenin	87054
Lưu	luwu	87035
còn	conf	86961
mới	mowis	86956
lập	laapj	86913
đầu	ddaauf	86877
xóa	xoas	86794
đào	ddaof	86771
bào	baof	86763
lợi	lowij	86757
lãi	laix	86753
Bỉ	bir	86714
León	leons	86676
Léon	leons	86674
Limón	limons	86669
xẻng	xengr	86591
đến	ddeens	86589
thổi	thooir	86584
cạo	caoj	86583
nạo	naoj	86580
tới	towis	86580
mổ	moor	86529
chế	chees	86522
lệnh	leenhj	86522
quét	quets	86482
lướt	luwowts	86480
cọ	coj	86478
soạt	soatj	86471
đâm	ddaam	86467
vé	ves	86465
phiếu	phieeus	86463
thắng	thawngs	86461
chích	chichs	86459
xoẹt	xoetj	86454
rẹt	retj	86449
vèo	veof	86443
nhím	nhims	86440
thêu	theeu	86433
chạm	chamj	86431
khắc	khawcs	86431
băm	bawm	86398
gọt	gotj	86383
xẻ	xer	86368
trán	trans	86240
kiếm	kieems	86235
gươm	guwowm	86232
xẻo	xeor	86232
gẩy	gaayr	86210
móc	mocs	86208
bổ	boor	86207
Diệm	dieemj	86196
lột	lootj	86196
bóc	bocs	86195
tước	tuwowcs	86192
kịch	kichj	86186
kéo	keos	86159
xén	xens	86148
thiến	thieens	86057
hoạn	hoanj	86054
chẻ	cher	86049
rạch	rachj	86038
sức	suwcs	86038
khuyên	khuyeen	86011
cách	cachs	85977
thêm	theem	85939
cộng	coongj	85935
đem	ddem	85929
Ca-li-phoóc-ni-a	ca-li-phooc-ni-as	85889
Ca-na-đa	ca-na-dda	85875
García	garcias	85833
tải	tair	85832
phải	phair	85817
kém	kems	85802
động	ddoongj	85791
giúp	giups	85713
cướp	cuwowps	85675
Nút	nuts	85672
phiền	phieenf	85639
đà	ddaf	85564
dám	dams	85541
Mãnh	manhx	85509
thắt	thawts	85507
siết	sieets	85506
René	renes	85501
Lévy	levys	85481
muỗng	muoongx	85437
thìa	thiaf	85436
gồm	goomf	85366
bò	bof	85315
trườn	truwownf	85315
hóa	hoas	85308
hiđrua	hiddrua	85277
bắc	bawcs	85254
thợ	thowj	85102
hộp	hoopj	85095
tráp	traps	85092
rương	ruwowng	85087
quận	quaanj	85066
Vendée	vendees	85032
khoảng	khoangr	85019
đoạn	ddoanj	85017
giấu	giaaus	84969
mười	muwowif	84960
kilôhéc	kiloohecs	84762
ngọ	ngoj	84699
nửa	nuwar	84681
tái	tais	84617
Oát	oats	84555
Vác-sa-va	vac-sa-vas	84523
hội	hooij	84491
lẻ	ler	84436
đơn	ddown	84435
nam	nam	84288
Bóts	botss	84049
bói	bois	84034
Biện	bieenj	84023
chiếm	chieems	84022
bụp	bupj	84021
thẻ	ther	84002
kẹp	kepj	83990
bài	baif	83948
Các-tơ	cac-tows	83945
các-ten	cac-tens	83944
Carón	carons	83927
Lư	luw	83926
rúp	rups	83922
Lúc-xăm-bua	luc-xawm-buas	83916
dữu	duwux	83902
nằm	nawmf	83890
quẻ	quer	83890
vệ	veej	83872
Mão	maox	83817
dấu	daaus	83811
vết	veets	83811
In-đô-nê-xi-a	in-ddoo-nee-xi-a	83798
sắp	sawps	83749
trứng	truwngs	83718
noãn	noanx	83716
cuộn	cuoonj	83709
cuốn	cuoons	83706
xoăn	xoawn	83683
tháo	thaos	83671
dỡ	dowx	83670
xưởng	xuwowngr	83660
ừm	uwmf	83643
phòng	phongf	83637
sảnh	sanhr	83631
lịch	lichj	83620
giỏi	gioir	83568
ép	eps	83557
đè	ddef	83553
nén	nens	83524
Xá	xas	83495
dày	dayf	83489
nhà	nhaf	83474
nguyên	nguyeen	83462
ấy	aays	83350
bếp	beeps	83350
Hạ	haj	83348
tên	teen	83336
chấm	chaams	83231
huyện	huyeenj	83230
dự	duwj	83185
thăm	thawm	83158
nĩa	niax	83102
sớm	sowms	83099
đạt	ddatj	83090
kép	keps	83026
ngược	nguwowcj	82962
gửi	guwir	82848
bắn	bawns	82799
phóng	phongs	82798
xả	xar	82730
rít	rits	82729
chát	chats	82727
viêm	vieem	82724
sốt	soots	82722
ngứa	nguwas	82702
nhức	nhuwcs	82702
cười	cuwowif	82688
ngán	ngans	82671
đắng	ddawngs	82663
thề	theef	82648
hỏi	hoir	82620
mốc	moocs	82611
chú	chus	82605
tê	tee	82603
cô	coo	82602
nhận	nhaanj	82600
thím	thims	82598
chịu	chiuj	82555
biến	bieens	82459
Giả	giar	82364
xếp	xeeps	82351
miệng	mieengj	82344
hừ	huwf	82341
khẩu	khaaur	82338
giọng	giongj	82264
cổ	coor	82260
xưa	xuwa	82254
câu	caau	82159
gõ	gox	82128
kêu	keeu	82055
đốt	ddoots	82014
bíp	bips	82012
cắn	cawns	82011
đinh	ddinh	82010
được	dduwowcj	81999
bệ	beej	81823
bàn	banf	81797
mắng	mawngs	81781
bão	baox	81778
quát	quats	81776
sử	suwr	81768
lá	las	81683
diệp	dieepj	81680
số	soos	81649
hiệu	hieeuj	81646
ngầu	ngaauf	81564
ôi	ooi	81564
cừ	cuwf	81561
chíp	chips	81560
ăn	awn	81558
chiếp	chieeps	81558
mỗi	mooix	81404
ê	ee	81351
ơi	owi	81345
gộp	goopj	81341
hợp	howpj	81341
nên	neen	81308
Già	giaf	81227
Ghinh-bớt	ghinh-bowts	81204
Cư-rơ-gư-xtan	cuw-row-guw-xtan	81202
Kihôtê	kihootee	81166
cẩu	caaur	81162
nhử	nhuwr	81139
suất	suaats	80919
gáy	gays	80823
lưng	luwng	80823
nhổ	nhoor	80774
nôn	noon	80769
vectơ	vectow	80720
dọa	doaj	80711
hù	huf	80708
Lữ	luwx	80697
á	as	80681
nuốt	nuoots	80658
ngâm	ngaam	80641
nhé	nhes	80631
ói	ois	80629
sủa	suar	80629
tách	tachs	80619
ngậm	ngaamj	80592
mút	muts	80530
hút	huts	80529
mở	mowr	80528
bú	bus	80523
két	kets	80492
chít	chits	80491
Ngô	ngoo	80483
hít	hits	80418
rống	roongs	80350
hùm	humf	80345
ờ	owf	80341
hiện	hieenj	80322
trình	trinhf	80321
báo	baos	80312
kiện	kieenj	80308
đó	ddos	80274
nè	nef	80272
ọe	oej	80264
đấy	ddaays	80254
ngạt	ngatj	80249
sặc	sawcj	80249
dạ	daj	80245
tuần	tuaanf	80236
quác	quacs	80155
xì	xif	80153
bẹp	bepj	80149
mùi	muif	80148
vị	vij	80148
hả	har	80138
ngáp	ngaps	80134
nhấp	nhaaps	80134
húp	hups	80131
phì	phif	80131
phù	phuf	80128
rên	reen	80128
hô	hoo	80125
thở	thowr	80112
ào	aof	80106
rào	raof	80103
ngáy	ngays	80102
quạt	quatj	80095
mạng	mangj	80089
trúng	trungs	80085
ối	oois	80052
tổng	toongr	79991
dịu	diuj	79969
lỗi	looix	79948
tội	tooij	79946
rắc	rawcs	79940
cạch	cachj	79934
ục	ucj	79928
ùm	umf	79927
ực	uwcj	79927
má	mas	79921
đùng	ddungf	79913
ầm	aamf	79912
họng	hongj	79911
thình	thinhf	79909
ơ	ow	79903
thét	thets	79903
ủa	uar	79901
mèo	meof	79893
thịch	thichj	79867
hừm	huwmf	79857
khụ	khuj	79857
mặn	mawnj	79855
muối	muoois	79848
vút	vuts	79836
í	is	79828
nếm	neems	79795
loại	loaij	79790
chủng	chungr	79784
lừa	luwaf	79777
dỗ	doox	79769
ồ	oof	79761
hà	haf	79741
Ha-vớt	ha-vowts	79739
Ha-lơ	ha-low	79727
Ca-dắc-xtan	ca-dawc-xtans	79709
khàn	khanf	79667
rầm	raamf	79666
câm	caam	79664
hây	haay	79635
hót	hots	79629
Colón	colons	79622
Cô-lôm-bô	coo-loom-boo	79621
còi	coif	79607
khóc	khocs	79566
bột	bootj	79541
triết	trieets	79538
mớm	mowms	79528
nghẹn	nghenj	79521
điếu	ddieeus	79514
môi	mooi	79510
hì	hif	79490
Đường	dduwowngf	79488
mác	macs	79445
hát	hats	79389
xoạt	xoatj	79386
úm	ums	79351
khạc	khacj	79348
vù	vuf	79343
huýt	huyts	79341
gặm	gawmj	79340
thương	thuwowng	79333
tiệm	tieemj	79297
lâm	laam	79252
tặc	tawcj	79220
bép	beps	79217
bộp	boopj	79215
thạch	thachj	79213
đin	ddin	79203
hú	hus	79200
khách	khachs	79196
chíu	chius	79192
cắc	cawcs	79190
Ca-mê	ca-mee	79176
Ca-mơ-run	ca-mow-run	79175
alô	aloo	79172
nhỉ	nhir	79164
thiện	thieenj	79162
khéo	kheos	79160
Triết	trieets	79128
la	la	79127
kèn	kenf	79126
Lạt-ma	lat-maj	79121
mỏ	mor	79092
nhậu	nhaauj	78992
vâng	vaang	78972
xịt	xitj	78966
ví	vis	78931
Khốc	khoocs	78926
ngửi	nguwir	78926
giận	giaanj	78909
trách	trachs	78908
nấc	naacs	78897
ợ	owj	78897
hứ	huws	78883
gào	gaof	78882
chào	chaof	78880
ừ	uwf	78872
chà	chaf	78870
ài	aif	78866
tít	tits	78857
cạc	cacj	78817
cộp	coopj	78814
phúc	phucs	78812
suỵt	suytj	78808
đắc	ddawcs	78805
mà	maf	78804
bùm	bumf	78797
đoàng	ddoangf	78797
dặn	dawnj	78788
vòi	voif	78776
hí	his	78758
bịch	bichj	78737
hóc	hocs	78737
phụt	phutj	78735
tuyệt	tuyeetj	78731
ngục	ngucj	78656
bốn	boons	78648
lượt	luwowtj	78501
hiệp	hieepj	78499
đáp	ddaps	78404
thóp	thops	78361
nhóm	nhoms	78320
đoàn	ddoanf	78315
vườn	vuwownf	78277
mệt	meetj	78260
vây	vaay	78238
cứng	cuwngs	78203
vững	vuwngx	78201
nước	nuwowcs	78184
hình	hinhf	78002
lớp	lowps	77981
tròn	tronf	77936
tâm	taam	77919
vanxơ	vanxow	77899
nón	nons	77894
giới	giowis	77890
vòng	vongf	77890
bẫy	baayx	77883
đất	ddaats	77875
thổ	thoor	77869
sến	seens	77856
thánh	thanhs	77774
thiêng	thieeng	77774
Saint-Pé	saint-pes	77769
Saint-Lô	saint-loo	77757
Saint-Étienne	saint-etiennes	77753
Saint-Mé	saint-mes	77734
tại	taij	77688
ngầm	ngaamf	77565
nơi	nowi	77552
mương	muwowng	77493
thảm	thamr	77493
mìn	minf	77442
kênh	keenh	77436
sân	saan	77430
dịp	dipj	77427
trận	traanj	77426
cảnh	canhr	77418
rác	racs	77407
bụi	buij	77382
phường	phuwowngf	77379
ngưỡng	nguwowngx	77376
sụp	supj	77375
bậc	baacj	77365
Kanté	kantes	77356
hỏng	hongr	77355
hố	hoos	77270
vại	vaij	77209
đê	ddee	77207
hũ	hux	77207
Lịch	lichj	77207
rơi	rowi	77192
Khôn	khoon	77171
cục	cucj	77133
đống	ddoongs	77132
phôi	phooi	77122
bùn	bunf	77120
cốt	coots	77116
nứt	nuwts	77111
mẫu	maaux	77075
luống	luoongs	77069
kiểu	kieeur	77066
luật	luaatj	77051
đắp	ddawps	77049
Hậu	haauj	77040
bờ	bowf	77036
đệm	ddeemj	77024
Tự	tuwj	76992
Épernay	epernays	76986
Ê-ti-ô-pi-a	ee-ti-oo-pi-a	76980
Ép	eps	76978
Évreux	evreuxs	76977
Em	em	76976
Ét	ets	76968
Estreé	estrees	76961
Épinal	epinals	76956
Émile	emiles	76954
Ê-li-nơ	ee-li-now	76949
Émon	emons	76947
Éri	eris	76945
chôn	choon	76942
dũng	dungx	76942
vùi	vuif	76941
thành	thanhf	76930
bến	beens	76876
Phố	phoos	76872
huân	huaan	76863
vực	vuwcj	76861
miền	mieenf	76860
gốc	goocs	76831
Ghi-ết	ghi-eets	76828
mình	minhf	76807
nền	neenf	76804
đế	ddees	76803
Kitô	kitoo	76782
quỹ	quyx	76766
vợ	vowj	76755
hào	haof	76720
lấp	laaps	76708
chặn	chawnj	76687
tật	taatj	76678
xuân	xuaan	76668
sập	saapj	76664
nặn	nawnj	76658
tượng	tuwowngj	76658
nhựa	nhuwaj	76652
tháp	thaps	76648
đầm	ddaamf	76602
nhét	nhets	76589
Sèvres	sevresf	76578
Síp	sips	76560
Xê-rét	xee-rets	76534
điền	ddieenf	76532
trát	trats	76507
tường	tuwowngf	76480
vách	vachs	76476
chợ	chowj	76405
Mêdog	meedog	76373
Mê-hi-cô	mee-hi-coo	76369
đôn	ddoon	76360
lũy	luyx	76354
sĩ	six	76328
Nhâm	nhaam	76310
bè	bef	76230
vỏ	vor	76229
ấm	aams	76225
bình	binhf	76222
phạt	phatj	76213
Ê-va	ee-va	76034
Quỳ	quyf	76004
đa	dda	75820
đủ	ddur	75619
to	to	75597
tỉnh	tinhr	75482
Đa-vít	dda-vits	75466
dì	dif	75394
mạnh	manhj	75327
Tết	teets	75324
gạo	gaoj	75102
đùi	dduif	75070
tỏi	toir	75051
ngày	ngayf	74938
trời	trowif	74935
ăng-ten	awng-ten	74745
quá	quas	74694
bà	baf	74666
thầy	thaayf	74549
Quải	quair	74538
nện	neenj	74530
mù	muf	74481
cháy	chays	74478
tóc	tocs	74416
gàu	gauf	74401
sọ	soj	74349
Di	di	74343
gắp	gawps	74327
nẹp	nepj	74311
lạ	laj	74278
dâng	daang	74201
kính	kinhs	74201
nanômét	nanoomets	74201
thưa	thuwa	74188
Khuê	khuee	74142
tấu	taaus	74134
chạy	chayj	74121
thưởng	thuwowngr	74088
cúp	cups	74076
Ốc	oocs	74002
Áo-Hung	ao-hungs	73993
Augustinô	augustinoo	73990
Orléans	orleanss	73982
Thích	thichs	73946
nữ	nuwx	73945
mẹ	mej	73432
mợ	mowj	73379
Vân	vaan	73379
Dư	duw	73349
ổn	oonr	73349
Bạt	batj	73332
Đát	ddats	73319
Mẫu	maaux	73294
chị	chij	73282
dượng	duwowngj	73250
tạm	tamj	73248
cử	cuwr	73198
Diêu	dieeu	73186
gừng	guwngf	73181
Khương	khuwowng	73180
nghệ	ngheej	73170
Cật	caatj	73168
Cấu	caaus	73164
cơ	cow	73151
Hằng	hawngf	73148
Áp	aps	73145
Lâu	laau	73069
Nà	naf	73019
cưới	cuwowis	72992
Bà-la-môn	ba-la-moonf	72967
đĩ	ddix	72956
Thục	thucj	72954
tiệp	tieepj	72951
Côn	coon	72914
Đình	ddinhf	72899
Vụ	vuj	72896
Nam	nam	72894
Nhược	nhuwowcj	72893
Anh	anh	72882
viện	vieenj	72871
gả	gar	72855
ghép	gheps	72854
Nguyên	nguyeen	72844
chê	chee	72837
tần	taanf	72820
mềm	meemf	72796
Mô	moo	72783
Tường	tuwowngf	72781
tử	tuwr	72755
đạn	ddanj	72731
khổng	khoongr	72709
Condé	condes	72707
tiền	tieenf	72704
chữ	chuwx	72676
chuỗi	chuooix	72634
Tôn	toon	72579
Tư	tuw	72546
Bột	bootj	72544
hiếu	hieeus	72537
Mạnh	manhj	72516
quý	quys	72497
mùa	muaf	72496
hèn	henf	72317
nở	nowr	72309
nó	nos	72259
chúng	chungs	72258
trạch	trachj	72254
Antôn	antoon	72173
André	andres	72085
An-đrêu	an-ddreeu	72083
đặt	ddawtj	72073
Ănggrơ	awnggrow	72061
Tống	toongs	71990
Mật	maatj	71894
định	ddinhj	71802
đặc	ddawcj	71592
trọn	tronj	71549
hiến	hieens	71383
sợ	sowj	71336
hại	haij	71335
ốm	ooms	71331
tiệc	tieecj	71326
thần	thaanf	71200
dễ	deex	71190
rộng	roongj	71176
trại	traij	71093
Dần	daanf	71051
kín	kins	71046
micrôôm	microooom	71011
khóa	khoas	70994
giàu	giauf	70985
giặc	giawcj	70985
Fouché	fouches	70944
rét	rets	70924
ngụ	nguj	70878
nhạt	nhatj	70840
Lào	laof	70823
đúng	ddungs	70808
đôi	ddooi	70762
lôgarit	loogarit	70734
đền	ddeenf	70676
tìm	timf	70666
dẫn	daanx	70628
bìa	biaf	70524
úy	uys	70460
nhỏ	nhor	70439
bé	bes	70434
khẽ	khex	70349
nhóc	nhocs	70325
giờ	giowf	70243
kê	kee	70144
tổ	toor	70142
xuồng	xuoongf	70115
ngươi	nguwowi	69971
gôn	goon	69957
Eertzơ	eertzow	69917
sắc	sawcs	69902
nhọn	nhonj	69901
trần	traanf	69877
chưa	chuwa	69852
thử	thuwr	69846
uông	uoong	69838
Nghiêu	nghieeu	69817
càng	cangf	69699
Doãn	doanx	69621
thước	thuwowcs	69620
xích	xichs	69620
cỡ	cowx	69617
mông	moong	69614
đít	ddits	69612
Niesté	niestes	69583
Nê-pan	nee-pan	69577
hết	heets	69562
tận	taanj	69560
cuối	cuoois	69556
đuôi	dduooi	69532
đái	ddais	69506
tã	tax	69503
urê	uree	69496
ván	vans	69490
rắm	rawms	69474
Cư-ri	cuw-ri	69414
cứt	cuwts	69358
vụn	vunj	69339
ỉa	iar	69304
thuộc	thuoocj	69303
giẫm	giaamx	69277
dép	deps	69267
đèo	ddeof	69225
dê	dee	69149
há	has	69084
rẽ	rex	69062
Sầm	saamf	69059
đảo	ddaor	69031
Khả	khar	69010
Đại	ddaij	68980
Mân	maan	68963
Dịch	dichj	68946
đỉnh	ddinhr	68929
Không	khoong	68896
chuộng	chuoongj	68888
Thôi	thooi	68864
Quách	quachs	68849
Yên	yeen	68845
trẹo	treoj	68830
sái	sais	68829
Kê	kee	68819
khảm	khamr	68818
Thặng	thawngj	68818
gờ	gowf	68794
Tập	taapj	68790
Đặng	ddawngj	68786
Chiêm	chieem	68784
chóp	chops	68780
Xuyên	xuyeen	68771
châu	chaau	68743
nghề	ngheef	68603
lương	luwowng	68572
trái	trais	68561
Củng	cungr	68444
tệ	teej	68432
suýt	suyts	68410
Tỵ	tyj	68356
Ba	ba	68353
Ba-bơ	ba-bow	68344
Baerđơ	baerddow	68323
Ba-rốc	ba-roocs	68295
hẻm	hemr	68267
ngõ	ngox	68266
khăn	khawn	68258
Tốn	toons	68258
vải	vair	68194
Bư-lơ	buw-low	68170
Brư	bruw	68165
Brai-ơn	brai-own	68108
buồm	buoomf	68057
sư	suw	68048
Hê-bơ-rơ	hee-bow-row	68008
Si-rắc	si-rawcs	67993
màn	manf	67974
rèm	remf	67974
mùng	mungf	67967
lều	leeuf	67963
mành	manhf	67930
chổi	chooir	67929
cờ	cowf	67926
dây	daay	67888
đai	ddai	67887
phê	phee	67881
chiếu	chieeus	67859
ghế	ghees	67858
thường	thuwowngf	67816
khổ	khoor	67743
trướng	truwowngs	67723
phướn	phuwowns	67718
trùm	trumf	67715
cơm	cowm	67616
sàn	sanf	67590
hòa	hoaf	67575
mượt	muwowtj	67517
trẻ	trer	67366
yêu	yeeu	67285
ảo	aor	67281
huyễn	huyeenx	67279
Quảng-Thâm	quang-thaamr	67145
mừng	muwngf	67094
giường	giuwowngf	67065
nệm	neemj	67060
sạp	sapj	67051
dãy	dayx	67043
cán	cans	66905
chuôi	chuooi	66899
miếu	mieeus	66852
phủ	phur	66834
Bàng	bangf	66808
phế	phees	66796
độ	ddooj	66750
Zadamục	zadamucj	66736
Dữu	duwux	66642
vành	vanhf	66618
Liêu	lieeu	66617
Dực	duwcj	66610
mời	mowif	66579
xây	xaay	66565
lái	lais	66494
họp	hopj	66482
chuồn	chuoonf	66343
đùa	dduaf	66335
bật	baatj	66328
sôi	sooi	66282
bỏ	bor	66206
dạng	dangj	66156
mồi	mooif	66122
Phờ-răng	phow-rawngf	66074
Phờ-la	phow-laf	66063
Phanxicô	phanxicoo	66057
Phơ-gơ-sơn	phow-gow-sown	66053
hoằng	hoawngf	66034
chùng	chungf	66019
dán	dans	65876
nỏ	nor	65826
quẹo	queoj	65826
yếu	yeeus	65815
căng	cawng	65796
đàn	ddanf	65796
nảy	nayr	65754
lợn	lownj	65503
thoán	thoans	65503
màu	mauf	65447
Bành	banhf	65395
Phi-e-rơ	phi-e-row	65311
Phêrô	pheeroo	65309
Từ	tuwf	65124
rảnh	ranhr	65038
Đức	dduwcs	64927
đức	dduwcs	64926
Deux-Sèvres	deux-sevresf	64914
lòng	longf	64841
nghĩ	nghix	64765
ắt	awts	64642
kiêng	kieeng	64613
kỵ	kyj	64611
nhịn	nhinj	64605
chí	chis	64573
quên	queen	64547
bận	baanj	64521
sầu	saauf	64458
nhớ	nhows	64384
đọc	ddocj	64382
nhát	nhats	64305
ạ	aj	64183
tính	tinhs	64081
oán	oans	64042
chửi	chuwir	63891
bệnh	beenhj	63834
thẹn	thenj	63814
hận	haanj	63812
ơn	own	63805
nịnh	ninhj	63755
ác	acs	63718
bực	buwcj	63659
Vận	vaanj	63652
đễ	ddeex	63632
nghịch	nghichj	63616
Khôi	khooi	63605
bị	bij	63583
mắc	mawcs	63580
cụ	cuj	63554
tặng	tawngj	63304
biếu	bieeus	63298
muốn	muoons	63228
chọc	chocj	63115
gây	gaay	63113
Ý	ys	63045
cảm	camr	62985
nhiễm	nhieemx	62941
nguyện	nguyeenj	62887
hoảng	hoangr	62859
tuệ	tueej	62803
nín	nins	62776
lười	luwowif	62731
đần	ddaanf	62709
giáo	giaos	62709
Gođăng	goddawng	62697
Mậu	maauj	62682
Tuất	tuaats	62672
nhẫn	nhaanx	61995
hoặc	hoawcj	61987
kích	kichs	61889
Tiễn	tieenx	61857
Diễn	dieenx	61856
dẹt	detj	61708
phẳng	phawngr	61708
buộc	buoocj	61497
tiêm	tieem	61470
vồ	voof	61466
bới	bowis	61449
gạt	gatj	61446
trượt	truwowtj	61288
mài	maif	61261
phá	phas	61261
rối	roois	61249
chớp	chowps	61206
sấm	saams	61204
ném	nems	61196
Tôcan	toocan	61166
Tôn-xtôi	toon-xtooi	61159
tơrớt	towrowts	61152
gánh	ganhs	61123
Tô-mát	too-mats	61122
vác	vacs	61121
khiêng	khieeng	61118
cài	caif	61112
sờ	sowf	61042
mò	mof	61040
giương	giuwowng	61011
xoắn	xoawns	60985
vặn	vawnj	60984
trật	traatj	60977
huề	hueef	60954
bẻ	ber	60946
bóp	bops	60943
đỡ	ddowx	60939
dìu	diuf	60917
đợt	ddowtj	60891
lô	loo	60891
chống	choongs	60884
thầu	thaauf	60823
ngờ	ngowf	60810
chở	chowr	60796
mẹo	meoj	60790
chép	cheps	60758
chọn	chonj	60749
bó	bos	60734
góc	gocs	60721
bắt	bawts	60701
quăng	quawng	60642
thả	thar	60642
kháng	khangs	60582
gãy	gayx	60517
tuất	tuaats	60488
rải	rair	60469
cạy	cayj	60459
khoác	khoacs	60294
choàng	choangf	60292
nâng	naang	60266
bế	bees	60252
bôi	booi	60194
rút	ruts	60163
vần	vaanf	60163
giật	giaatj	60159
quất	quaats	60147
mím	mims	60112
phủi	phuir	60111
cáng	cangs	60087
lôi	looi	60057
nhón	nhons	60057
Rắc	rawcs	60036
Lát-vi-a	lat-vi-as	59950
trộn	troonj	59933
Lavé	laves	59932
vỗ	voox	59931
xào	xaof	59929
chụp	chupj	59924
nhịp	nhipj	59917
vợt	vowtj	59917
chốt	choots	59913
xách	xachs	59894
nạng	nangj	59881
tuyển	tuyeenr	59769
bái	bais	59706
lạy	layj	59705
gặp	gawpj	59688
nhặt	nhawtj	59652
ngăn	ngawn	59632
gảy	gayr	59616
khều	kheeuf	59611
lựa	luwaj	59597
chùi	chuif	59584
cứu	cuwus	59581
vòm	vomf	59572
quyền	quyeenf	59567
Napoléon	napoleons	59477
dắt	dawts	59324
nhấn	nhaans	59322
ấn	aans	59319
kén	kens	59293
vãi	vaix	59255
cản	canr	59228
phất	phaats	59199
đấm	ddaams	59191
vặt	vawtj	59178
dời	dowif	59163
khá	khas	59137
rót	rots	59131
múc	mucs	59130
bịt	bitj	59090
trói	trois	59083
tóm	toms	59079
vuốt	vuoots	59066
xắn	xawns	59064
véo	veos	59057
thuế	thuees	59046
săn	sawn	59032
vớt	vowts	59024
lượm	luwowmj	59004
giã	giax	58950
lật	laatj	58894
bấc	baacs	58892
ngòi	ngoif	58892
túm	tums	58892
vén	vens	58891
dạy	dayj	58885
đón	ddons	58670
nối	noois	58651
Gia-cốp	gia-coops	58635
Giê-ô-đơ	giee-oo-ddow	58633
đẩy	ddaayr	58515
đậy	ddaayj	58447
bưng	buwng	58426
vốc	voocs	58426
tát	tats	58415
giũ	giux	58410
nhào	nhaof	58399
vò	vof	58399
tô	too	58394
cắm	cawms	58306
bấm	baams	58195
gác	gacs	58192
khuấy	khuaays	58183
quấy	quaays	58181
thọc	thocj	58172
đấu	ddaaus	58170
nhầm	nhaamf	58107
dựng	duwngj	58079
lợp	lowpj	58067
bày	bayf	58030
lắc	lawcs	58005
quầy	quaayf	57970
hái	hais	57945
trích	trichs	57941
Môi-se	mooi-se	57885
liếc	lieecs	57860
vểnh	veenhr	57859
bĩu	biux	57857
rách	rachs	57811
xé	xes	57808
va	va	57794
triệt	trieetj	57779
nạy	nayj	57755
nhúm	nhums	57729
soạn	soanj	57726
đuổi	dduooir	57719
thạo	thaoj	57692
rũ	rux	57663
bám	bams	57643
trèo	treof	57631
xúc	xucs	57626
hất	haats	57625
lĩnh	linhx	57600
séc	secs	57567
buông	buoong	57342
nhường	nhuwowngf	57286
truyện	truyeenj	57189
địch	ddichj	57131
ngữ	nguwx	57056
Áo	aos	57051
rời	rowif	56897
Kiểu	kieeur	56876
mảng	mangr	56794
cả	car	56767
văn	vawn	56697
nghêu	ngheeu	56556
Bân	baan	56527
đốm	ddooms	56518
vằn	vawnf	56506
phễu	pheeux	56490
chéo	cheos	56449
châm	chaam	56427
búa	buas	56415
rìu	riuf	56412
đẽo	ddeox	56398
đứt	dduwts	56397
Ská	skas	56332
Sta-phơ	sta-phow	56314
Xlô-va-ki-a	xloo-va-ki-a	56285
Sít-tơ	sit-tows	56279
Stéphane	stephanes	56277
Nouvelle-Calédonie	nouvelle-caledonies	56205
tươi	tuwowi	56022
phương	phuwowng	56019
Xúc	xucs	56019
tiện	tieenj	56013
hướng	huwowngs	56005
mặt	mawtj	55965
Sơ-va-xen-nê-gơ	sow-va-xen-nee-gow	55917
bón	bons	55916
tộc	toocj	55825
Nhật-Nga	nhaat-ngaj	55474
Giéc-man	giec-mans	55406
Húc	hucs	55264
xó	xos	55258
Ngũ	ngux	55088
Ăng-ghen	awng-ghen	55075
thăng	thawng	55041
Hạo	haoj	55039
Phảng	phangr	55038
rõ	rox	55024
Hân	haan	54823
Tản	tanr	54818
Xuân	xuaan	54751
liệu	lieeuj	54612
Dục	ducj	54539
Sưởng	suwowngr	54534
trội	trooij	54515
Triều	trieeuf	54485
Tấn	taans	54479
Chất	chaats	54478
Tấn-Sát-Ký	taan-sat-kys	54459
buổi	buooir	54442
chốc	choocs	54442
Yến	yeens	54440
phơi	phowi	54439
ngất	ngaats	54404
Hàm	hamf	54391
Tuấn	tuaans	54384
Thịnh	thinhj	54336
phổ	phoor	54308
Plăng	plawng	54267
Prín	prins	54266
Phổ	phoor	54219
nắng	nawngs	54184
trí	tris	54162
xốp	xoops	54113
thầm	thaamf	54021
Chương	chuwowng	53991
bạo	baoj	53988
Xiêm	xieem	53938
Chiếu	chieeus	53933
rằng	rawngf	53923
khúc	khucs	53922
Tào	taof	53842
Mạn	manj	53825
chắt	chawts	53783
nhất	nhaats	53752
tháng	thangs	53687
trăng	trawng	53685
rằm	rawmf	53663
phục	phucj	53345
Cù	cuf	53305
trẫm	traamx	53296
ngắm	ngawms	53258
kỳ	kyf	53202
củi	cuir	53142
sắn	sawns	53106
ngọn	ngonj	53052
mạt	matj	53044
sổ	soor	52998
vở	vowr	52997
máy	mays	52837
rô-bốt	roo-boots	52808
nhớt	nhowts	52779
sát	sats	52742
tạp	tapj	52702
xiếc	xieecs	52683
nhiễu	nhieeux	52660
mận	maanj	52600
Lý	lys	52596
thôn	thoon	52407
cọc	cocj	52376
trượng	truwowngj	52373
Đỗ	ddoox	52371
Kỷ	kyr	52333
cớm	cowms	52299
mục	mucj	52288
sọc	socj	52284
kịp	kipj	52232
nguồn	nguoonf	52212
Dương	duwowng	52185
xoài	xoaif	52185
khế	khees	52150
Hàng	hangf	52122
rượu	ruwowuj	52116
cốc	coocs	52113
Giê-phơ	giee-phow	52097
Giắc-lin	giawc-lins	52087
Giép-phơ-sơn	giep-phow-sowns	52080
Giê-xơn	giee-xown	52077
bừa	buwaf	52066
chày	chayf	52066
lỏng	longr	52061
bảng	bangr	51990
sóc	socs	51987
khối	khoois	51981
gạch	gachj	51966
điốt	ddioots	51919
gối	goois	51880
rừng	ruwngf	51872
Lâm	laam	51870
quả	quar	51794
trục	trucj	51733
súng	sungs	51712
đói	ddois	51647
rỗng	roongx	51646
cùm	cumf	51628
gông	goong	51627
bách	bachs	51615
quýt	quyts	51592
nhuộm	nhuoomj	51582
lồng	loongf	51546
bưởi	buwowir	51545
cũi	cuix	51544
tủ	tur	51543
Chávez	chavezs	51467
Côlt	coolt	51456
trụ	truj	51443
liễu	lieeux	51436
chúc	chucs	51390
hồng	hoongf	51385
nhãn	nhanx	51376
lược	luwowcj	51325
nút	nuts	51276
trường	truwowngf	51256
Hủ	hur	51209
hạt	hatj	51185
thức	thuwcs	51093
Grê-nốp	gree-noops	51070
Ghét	ghets	51046
Grơn-len	grown-len	51022
trồng	troongf	51020
Kiệt	kieetj	51002
giàn	gianf	51000
quế	quees	50999
Sánchez	sanchezs	50901
Hoàn	hoanf	50874
tệp	teepj	50859
cầu	caauf	50855
thùng	thungf	50817
xô	xoo	50815
xà	xaf	50811
dầm	daamf	50810
Méc-xê-đét	mec-xee-ddets	50739
Méli	melis	50737
Meliá	melias	50736
mộng	moongj	50714
lê	lee	50682
ghẹ	ghej	50669
chải	chair	50657
Phạn	phanj	50646
khám	khams	50626
bông	boong	50611
côn	coon	50558
phỉ	phir	50551
lán	lans	50514
Đệ	ddeej	50506
sâm	saam	50500
cạnh	canhj	50486
thuyền	thuyeenf	50484
bát	bats	50474
chén	chens	50471
quách	quachs	50469
cấy	caays	50464
ớt	owts	50439
tiêu	tieeu	50438
dừa	duwaf	50426
chêm	cheem	50406
Sở	sowr	50400
lầu	laauf	50364
tầng	taangf	50352
trám	trams	50316
vắt	vawts	50277
tạ	taj	50269
lựu	luwuj	50266
máng	mangs	50238
Phàn	phanf	50231
khuôn	khuoon	50220
mô-đun	moo-ddun	50216
gôm	goom	50069
chạn	chanj	50058
hịch	hichj	50047
táo	taos	50047
phụ	phuj	49992
Âu	aau	49933
Ơ-le	ow-le	49912
L'Oréal	l'oreals	49902
loáng	loangs	49856
vụt	vutj	49856
Hấp	haaps	49778
đang	ddang	49770
xịn	xinj	49679
bước	buwowcs	49604
võ	vox	49572
xiêu	xieeu	49482
tuẫn	tuaanx	49366
khuyết	khuyeets	49352
tàn	tanf	49351
xác	xacs	49301
thù	thuf	49284
Ân	aan	49268
điện	ddieenj	49263
moayơ	moayow	49231
ái	ais	49153
độc	ddoocj	49151
giáp	giaps	49026
kề	keef	49024
lông	loong	49017
nỉ	nir	48998
ẩu	aaur	48979
chăn	chawn	48924
mền	meenf	48922
thị	thij	48909
Đê	ddee	48906
dân	daan	48905
khí	khis	48814
xupáp	xupaps	48711
đơteri	ddowteri	48702
hiđro	hiddro	48692
hiđroxit	hiddroxit	48688
hêli	heeli	48682
ôxy	ooxy	48681
nitơ	nitow	48664
sứa	suwas	48543
luộc	luoocj	48503
trâu	traau	48498
gáo	gaos	48494
đỉa	ddiar	48449
dịch	dichj	48338
chần	chaanf	48271
Điêu	ddieeu	48243
Hán	hans	48243
Sán	sans	48169
lũ	lux	48140
mày	mayf	48139
hồ	hoof	48047
bẩn	baanr	48033
súp	sups	48013
Khiên	khieen	47983
gâu	gaau	47979
Tỉnh	tinhr	47969
Vấn	vaans	47961
Bru-nây	bru-naay	47959
xăng	xawng	47951
Phần	phaanf	47936
thấm	thaams	47935
ngấm	ngaams	47933
Vokơ	vokow	47919
Vô-rô-ne	voo-roo-ne	47897
Thẩm	thaamr	47888
nặng	nawngj	47879
đắm	ddawms	47866
gội	gooij	47829
tập	taapj	47828
xấp	xaaps	47826
Miện	mieenj	47825
cát	cats	47823
Chapé	chapes	47814
Châteauroux	chaateauroux	47778
Sa-tì	sa-tif	47735
Châtillon	chaatillon	47734
ủ	ur	47533
lọc	locj	47529
bọt	botj	47498
dầu	daauf	47386
quẩy	quaayr	47357
sơn	sown	47340
rán	rans	47334
ngấy	ngaays	47311
chữa	chuwax	47287
trị	trij	47287
dính	dinhs	47228
pháp	phaps	47158
Pháp	phaps	47132
phơ-răng	phow-rawng	47080
Tứ	tuws	47076
tràn	tranf	47073
sóng	songs	47030
mít	mits	46988
Baumé	baumes	46986
bơm	bowm	46823
Lô	loo	46819
Lạc	lacj	46814
tạt	tatj	46807
hắt	hawts	46806
vẩy	vaayr	46799
xoáy	xoays	46769
Tây	taay	46767
diêm	dieem	46736
nến	neens	46732
giặt	giawtj	46707
Sắc	sawcs	46707
López	lopezs	46637
Lomé	lomes	46628
Lozère	lozeref	46614
Rhône	rhoone	46605
hầm	haamf	46599
Đào	ddaof	46522
Nhĩ	nhix	46520
trũng	trungx	46434
phái	phais	46429
trôi	trooi	46403
cúm	cums	46368
luồng	luoongf	46337
nông	noong	46302
tưới	tuwowis	46276
đúc	dducs	46271
Sư	suw	46263
trọc	trocj	46263
đo	ddo	46255
Gia-cô-bê	gia-coo-bee	46227
duyệt	duyeetj	46212
đậm	ddaamj	46191
nồng	noongf	46190
Tầm	taamf	46170
lạch	lachj	46159
nổi	nooir	46094
biển	bieenr	46033
vịnh	vinhj	45923
hàu	hauf	45893
Báp-tít	bap-tits	45844
ngập	ngaapj	45843
trào	traof	45729
Hiếu	hieeus	45722
lụt	lutj	45705
Vi	vi	45697
ẩm	aamr	45683
Phù	phuf	45659
lẩu	laaur	45654
rìa	riaf	45652
Trác	tracs	45628
cặn	cawnj	45627
dội	dooij	45610
Phì	phif	45572
Tùng	tungf	45571
dơ	dow	45570
lạt	latj	45567
đệt	ddeetj	45533
dâm	daam	45532
Hoài	hoaif	45516
Hốt	hoots	45397
dìm	dimf	45355
hấp	haaps	45214
ổ	oor	45178
dần	daanf	45171
Thằng	thawngf	45159
rỉ	rir	45131
phà	phaf	45110
bã	bax	45102
Ônxtơn	oonxtown	45057
cảng	cangr	45027
khát	khats	44985
Tương	tuwowng	44843
ướt	uwowts	44802
chàm	chamf	44795
loét	loets	44781
văng	vawng	44776
nhão	nhaox	44771
Lật	laatj	44728
Trừ	truwf	44674
Điền	ddieenf	44667
Hoảng	hoangr	44664
trơn	trown	44649
nhẵn	nhawnx	44648
Đằng	ddawngf	44609
lăn	lawn	44602
gạn	ganj	44601
cút	cuts	44599
mãn	manx	44565
Hiệu	hieeuj	44479
bãi	baix	44458
Dự	duwj	44454
Hô	hoo	44432
tẩy	taayr	44431
Giáo	giaos	44346
Tháp	thaps	44308
súc	sucs	44305
Tiêu	tieeu	44290
lặn	lawnj	44269
ẩn	aanr	44266
Lộ	looj	44231
triều	trieeuf	44206
té	tes	44190
lắng	lawngs	44177
Hám	hams	44167
Lễ	leex	44155
Úc	ucs	44154
Chiên	chieen	44139
đạm	ddamj	44138
Liêm	lieem	44100
ghềnh	gheenhf	44096
nấu	naaus	44088
Bí	bis	44086
Bộc	boocj	44080
Cốc	coocs	44071
Kế	kees	44066
lửa	luwar	44037
Bá	bas	44036
hỏa	hoar	44035
đuốc	dduoocs	44002
pháo	phaos	43978
diệt	dieetj	43909
đèn	ddenf	43894
xám	xams	43861
vữa	vuwax	43849
thiêu	thieeu	43779
bỏng	bongr	43777
Quýnh	quynhs	43750
lò	lof	43749
xỉ	xir	43744
nóng	nongs	43726
siêu	sieeu	43691
nướng	nuwowngs	43684
nổ	noor	43617
chiên	chieen	43616
chút	chuts	43598
luyện	luyeenj	43530
thối	thoois	43510
sấy	saays	43473
khói	khois	43450
hàn	hanf	43188
mènzi	menzif	43173
trụng	trungj	43128
gấu	gaaus	42969
xót	xots	42948
đun	ddun	42925
ủi	uir	42892
en-tơ-rô-pi	en-tow-roo-pi	42882
yến	yeens	42857
chân	chaan	42796
bèn	benf	42776
A-li-xơ	a-li-xow	42765
bố	boos	42690
sướng	suwowngs	42643
giòn	gionf	42633
miếng	mieengs	42626
bản	banr	42604
điệp	ddieepj	42571
răng	rawng	42571
tăm	tawm	42537
nướu	nuwowus	42533
bơ	bow	42495
loài	loaif	42370
Trần	traanf	42317
Têrêsa	teereesa	42225
Truê	truee	42202
sừng	suwngf	42179
bê	bee	42176
nghé	nghes	42176
phạm	phamj	42155
Giuđa	giudda	42101
Địch	ddichj	42051
cáo	caos	42034
cún	cuns	42004
hẹp	hepj	41881
chật	chaatj	41879
khỉ	khir	41858
sói	sois	41843
hoẵng	hoawngx	41828
nghê	nghee	41823
vượn	vuwownj	41638
lửng	luwngr	41622
ngọc	ngocj	41593
bắp	bawps	41548
ngô	ngoo	41548
Vương	vuwowng	41531
chơi	chowi	41345
Vĩ	vix	41289
khâu	khaau	41259
Huyền	huyeenf	41156
Bô-li	boo-li	41145
Bolívar	bolivars	41144
tuân	tuaan	41048
ê-kíp	ee-kips	41032
chuyến	chuyeens	41025
Hồn	hoonf	41016
lưới	luwowis	40990
Ri-chác	ri-chacs	40931
tú	tus	40910
liễn	lieenx	40901
Sâm	saam	40892
Uyển	uyeenr	40879
Diễm	dieemx	40874
tỳ	tyf	40851
Quỳnh	quynhf	40846
Vũ	vux	40839
hoàng	hoangf	40816
Rích	richs	40809
sắt	sawts	40788
Cẩn	caanr	40759
Tuyền	tuyeenf	40753
chương	chuwowng	40751
Lân	laan	40745
Cảnh	canhr	40741
Cừ	cuwf	40735
nạm	namj	40728
Quán	quans	40725
bí	bis	40724
dưa	duwa	40724
bầu	baauf	40699
cùi	cuif	40692
múi	muis	40692
ngói	ngois	40689
Vallée	vallees	40680
Van-tơ	van-tow	40672
Václav	vaclavs	40662
lọ	loj	40628
sứ	suws	40619
chõ	chox	40599
ngọt	ngotj	40597
mía	mias	40568
Ken-nơ-đi	ken-now-ddi	40564
lắm	lawms	40559
Lục	lucj	40252
Lộc	loocj	40251
Dũng	dungx	40249
đồng	ddoongf	40246
ruộng	ruoongj	40246
fomanđehit	fomanddehit	40124
phố	phoos	39837
đưa	dduwa	39775
ổi	ooir	39629
Đản	ddanr	39597
mụn	munj	39544
ghẻ	gher	39523
điên	ddieen	39509
cuồng	cuoongf	39507
mẩn	maanr	39473
vảy	vayr	39449
trĩ	trix	39365
gút	guts	39327
lỵ	lyj	39321
liệt	lieetj	39313
đờm	ddowmf	39310
bầm	baamf	39281
ghê	ghee	39276
rò	rof	39269
gầy	gaayf	39253
lép	leps	39234
xẹp	xepj	39232
què	quef	39219
thọt	thotj	39218
bướu	buwowus	39211
cóc	cocs	39196
khùng	khungf	39187
Quý	quys	39183
vôi	vooi	39042
mối	moois	38977
bạc	bacj	38953
nhăn	nhawn	38653
đĩa	ddiax	38645
chậu	chaauj	38644
nẻ	ner	38642
bồn	boonf	38638
ăngstrôm	awngstroom	38597
nắp	nawps	38501
mâm	maam	38458
thịnh	thinhj	38420
mắt	mawts	38380
bồ	boof	38188
khiên	khieen	38076
ưng	uwng	38013
thấy	thaays	37986
nể	neer	37945
trông	troong	37896
nấm	naams	37790
nhắm	nhawms	37539
ngó	ngos	37534
lườm	luwowmf	37477
mâu	maau	37449
vậy	vaayj	37438
ve	ve	37433
ngắn	ngawns	37327
sỏi	soir	37240
amiăng	amiawng	37206
bôxít	booxits	37138
quặng	quawngj	37113
Đãng	ddangx	37107
nghiền	nghieenf	37065
đe	dde	37023
vỡ	vowx	37014
cấn	caans	36926
rắn	rawns	36892
bo	bo	36824
vướng	vuwowngs	36811
nát	nats	36802
iốt	ioots	36756
Bội	booij	36753
Bioré	biores	36739
đụng	ddungj	36725
bazơ	bazow	36706
kiềm	kieemf	36706
khánh	khanhs	36604
quà	quaf	36569
tế	tees	36484
Ngài	ngaif	36271
khấn	khaans	36223
họa	hoaj	36219
lộc	loocj	36154
thiền	thieenf	36147
Fauré	faures	36069
Đề	ddeef	36064
Chước	chuwowcs	36062
Chân	chaan	36061
Huyên	huyeen	36060
hỷ	hyr	36059
mạ	maj	36003
tư	tuw	35968
hói	hois	35906
cuống	cuoongs	35897
môn	moon	35807
Corrèze	correzef	35750
giây	giaay	35735
cân	caan	35696
Tần	taanf	35688
loãng	loangx	35533
cháo	chaos	35510
Giê-su	giee-su	35439
Chẩn	chaanr	35419
rơm	rowm	35403
thóc	thocs	35400
Mục	mucj	35379
huyệt	huyeetj	35348
nghèo	ngheof	35337
trống	troongs	35302
mặc	mawcj	35194
nghẹt	nghetj	35082
vọt	votj	35047
dòm	domf	35015
nhòm	nhomf	35015
Đậu	ddaauj	35006
ga	ga	34917
trạm	tramj	34917
cổng	coongr	34794
trúc	trucs	34777
măng	mawng	34744
cần	caanf	34724
Trúc	trucs	34722
sào	saof	34718
hốt	hoots	34698
bút	buts	34654
sênh	seenh	34597
sáo	saos	34596
bùa	buaf	34585
rọ	roj	34389
chuồng	chuoongf	34385
gân	gaan	34323
ống	oongs	34304
rây	raay	34258
sàng	sangf	34258
cỗ	coox	34240
đũa	dduax	34238
ký	kys	34217
vỉ	vir	34140
giỏ	gior	34013
sọt	sotj	34013
rổ	roor	33997
bạt	batj	33983
trâm	traam	33960
Mi-lơ	mi-low	33932
bún	buns	33909
Miyé	miyes	33898
Mi-ca-ên	mi-ca-een	33889
miến	mieens	33843
phấn	phaans	33835
thô	thoo	33816
thuần	thuaanf	33701
khôn	khoon	33693
kẹo	keoj	33573
xi-rô	xi-roo	33558
ráp	raps	33539
cám	cams	33526
nếp	neeps	33524
dẻo	deor	33523
xôi	xooi	33518
hệ	heej	33515
loạt	loatj	33514
sê-ri	see-ri	33514
đòi	ddoif	33459
gọn	gonj	33417
khít	khits	33398
tím	tims	33383
phồn	phoonf	33305
đỏ	ddor	33260
mảnh	manhr	33113
Trụ	truj	33113
sợi	sowij	33098
xenlulozơ	xenlulozow	33093
hẹn	henj	33092
Hột	hootj	33092
Gioóc-đa-ni	giooc-dda-nis	33079
Giô-sép	gioo-seps	33071
kỷ	kyr	33041
sôđa	soodda	32976
gạc	gacj	32962
Na-tô	na-too	32921
dệt	deetj	32895
dọc	docj	32885
giấy	giaays	32851
vân	vaan	32826
Niu-dê	niu-dee	32790
étude	etudes	32737
đích	ddichs	32575
nhàu	nhauf	32565
vấp	vaaps	32563
kết	keets	32440
nốt	noots	32375
quần	quaanf	32367
tời	towif	32208
Viênna	vieenna	32028
chiều	chieeuf	32010
cừu	cuwuf	31975
quấn	quaans	31958
vấn	vaans	31954
búi	buis	31936
lục	lucj	31935
đính	ddinhs	31886
cáp	caps	31873
Tuyến	tuyeens	31855
Câu	caau	31854
hoãn	hoanx	31852
bịa	biaj	31823
bện	beenj	31783
duyên	duyeen	31766
Miêu	mieeu	31689
Mâu	maau	31688
Tăng	tawng	31679
La	la	31529
sở	sowr	31351
Mỹ	myx	31284
Hữu	huwux	31174
Yết	yeets	31096
Nghệ	ngheej	31064
hoành	hoanhf	31054
ngoẻo	ngoeor	31025
Hàn	hanf	30992
Mễ	meex	30857
cọp	copj	30702
hổ	hoor	30702
kìm	kimf	30699
chuột	chuootj	30665
lão	laox	30611
kẻ	ker	30610
giỡn	giownx	30575
bền	beenf	30549
cày	cayf	30523
tốn	toons	30510
cặp	cawpj	30483
điếc	ddieecs	30442
Giê-hô-va	giee-hoo-va	30412
Giê-ru-sa-lem	giee-ru-sa-lem	30400
Nhiếp	nhieeps	30374
thớ	thows	30101
bụng	bungj	30080
rốn	roons	30072
béo	beos	30007
mập	maapj	30006
hông	hoong	29902
phổi	phooir	29900
thận	thaanj	29881
sưng	suwng	29867
phình	phinhf	29853
mật	maatj	29830
cõng	congx	29766
gùi	guif	29765
râm	raam	29754
mề	meef	29718
râu	raau	29678
bướm	buwowms	29626
mè	mef	29612
vừng	vuwngf	29612
háng	hangs	29598
tụy	tuyj	29594
nách	nachs	29585
sụn	sunj	29424
mạch	machj	29422
não	naox	29383
óc	ocs	29380
mủ	mur	29333
đạp	ddapj	29293
ức	uwcs	29274
cởi	cowir	29273
thoát	thoats	29272
ướp	uwowps	29158
hủ	hur	29154
Phi-líp	phi-lips	29138
cật	caatj	29098
bẹn	benj	29065
tuyến	tuyeens	29052
nòng	nongf	28987
màng	mangf	28985
hôi	hooi	28945
tự	tuwj	28931
ôzôn	oozoon	28584
cối	coois	28497
muôi	muooi	28493
nhấc	nhaacs	28492
cậu	caauj	28490
nỡ	nowx	28455
Sơn	sown	28454
liếm	lieems	28446
Thuấn	thuaans	28414
múa	muas	28413
buồng	buoongf	28315
tàu	tauf	28296
Cấn	caans	28238
lành	lanhf	28235
Ai-dắc	ai-dawcs	28058
Étienne	etiennes	28056
Ê-mi-li	ee-mi-li	28052
hoàn	hoanf	28000
Mị	mij	27998
Furê	furee	27962
sậy	saayj	27933
chuối	chuoois	27899
Nhuế	nhuees	27893
ấu	aaus	27888
trò	trof	27811
lạc	lacj	27799
mầm	maamf	27700
chồi	chooif	27699
ruồi	ruooif	27658
Tô	too	27649
Xu-đăng	xu-ddawng	27648
Suárez	suarezs	27646
tuế	tuees	27602
rêu	reeu	27596
uyển	uyeenr	27596
búp	bups	27566
nụ	nuj	27566
João	joaox	27540
giấm	giaams	27473
cà	caf	27358
lài	laif	27339
Trì	trif	27336
trà	traf	27329
chè	chef	27328
Tuân	tuaan	27210
Huỳnh	huynhf	27019
tôn	toon	27006
thuốc	thuoocs	26999
Bồ	boof	26908
Lệ	leej	26905
Sếch-xpia	seech-xpias	26888
cói	cois	26883
Cử	cuwr	26878
Sân	saan	26874
Thân	thaan	26874
Mốp	moops	26844
Mônica	moonica	26841
Mát-xcơ-va	mat-xcow-vas	26830
L'Étoile	l'etoiles	26797
Léonce	leonces	26792
cúc	cucs	26688
Phi-ơ	phi-ow	26587
Phiních	phinichs	26585
Finistère	finisteref	26582
bèo	beof	26543
Bình	binhf	26543
Định	ddinhj	26517
Tát	tats	26443
Savé	saves	26394
rớt	rowts	26384
Đổng	ddoongr	26267
hành	hanhf	26242
Tưởng	tuwowngr	26183
Mông-Tạng	moong-tangj	26124
chưng	chuwng	26091
ngải	ngair	26069
kế	kees	26002
lãng	langx	26000
huỳnh	huynhf	25998
liễm	lieemx	25921
Lận	laanj	25920
huệ	hueej	25908
vi	vi	25854
kiệu	kieeuj	25842
hoăng	hoawng	25838
củ	cur	25824
ngồng	ngoongf	25819
cất	caats	25814
tảo	taor	25742
hoắc	hoawcs	25737
Quắc	quawcs	25615
rận	raanj	25598
chấy	chaays	25597
tôm	toom	25578
kiến	kieens	25562
muỗi	muooix	25552
tằm	tawmf	25536
rết	reets	25523
hến	heens	25514
trăn	trawn	25505
mọt	motj	25501
giòi	gioif	25497
dế	dees	25450
ếch	eechs	25441
nhện	nheenj	25437
sò	sof	25430
nhộng	nhoongj	25395
sáp	saps	25326
muỗm	muoomx	25287
dơi	dowi	25272
vít	vits	25208
ốc	oocs	25207
gián	gians	25179
lươn	luwown	25168
máu	maus	25125
huyết	huyeets	25123
lót	lots	24697
tất	taats	24615
vớ	vows	24615
lắp	lawps	24526
nhồi	nhooif	24518
liệm	lieemj	24509
khố	khoos	24471
váy	vays	24461
bồi	booif	24435
xiêm	xieem	24431
Bùi	buif	24430
bọc	bocj	24425
nâu	naau	24410
Chử	chuwr	24395
đãy	ddayx	24391
tây	taay	24352
Xi-bê-ri	xi-bee-ri	24338
Sijiexiê	sijiexiee	24236
Đàm	ddamf	23986
vuông	vuoong	23938
giải	giair	23732
lời	lowif	23627
đếm	ddeems	23479
giảng	giangr	23247
Neuchâtel	neuchaatel	23195
luận	luaanj	23153
kể	keer	22963
thơ	thow	22815
răn	rawn	22638
tụng	tungj	22423
Nô-ê	noo-ee	22350
Nốp	noops	22346
Nô-man	noo-man	22338
Thầm	thaamf	22118
đày	ddayf	21983
Tiều	tieeuf	21965
trấu	traaus	21940
mẻ	mer	21914
Mạch	machj	21781
bối	boois	21772
Belém	belems	21768
Pelé	peles	21764
bêta	beeta	21759
Bénin	benins	21756
Béziers	bezierss	21736
Béthune	bethunes	21725
hiền	hieenf	21600
công-ten-nơ	coong-ten-now	21527
chất	chaats	21505
bần	baanf	21445
nhị	nhij	21381
áp	aps	21369
phí	phis	21303
Phê-đơ-lơ	phee-ddow-low	21287
phrăng	phrawng	21282
vốn	voons	21192
phú	phus	21138
gán	gans	21136
dỗi	dooix	21120
chuộc	chuoocj	21111
Uân	uaan	20989
Cám	cams	20965
Hách	hachs	20907
héc	hecs	20906
Triệu	trieeuj	20773
dậy	daayj	20706
vượt	vuwowtj	20519
Việt-Trung	vieet-trungj	20501
nhảy	nhayr	20440
quỳ	quyf	20250
giậm	giaamj	20130
guốc	guoocs	20048
nhíu	nhius	20024
lội	looij	20022
tồi	tooif	20010
ké	kes	20007
thân	thaan	19977
trốn	troons	19909
né	nes	19907
hiên	hieen	19767
rôto	rooto	19716
ách	achs	19640
lứa	luwas	19377
kiếp	kieeps	19374
thìn	thinf	19199
mép	meps	19173
biên	bieen	19151
tiến	tieens	18909
trễ	treex	18228
mãi	maix	18214
Ca-lép	ca-leps	18204
Ca-thái	ca-thais	18203
Đi-ô	ddi-oo	18183
lặp	lawpj	18150
mê	mee	18138
lùi	luif	18024
xoàng	xoangf	17775
trêu	treeu	17698
thông	thoong	17687
lôgic	loogic	17445
đạo	ddaoj	17367
vệt	veetj	17341
sót	sots	17264
chắn	chawns	17199
thỉnh	thinhr	17131
Khoáng	khoangs	17088
Phương	phuwowng	17086
Hình	hinhf	17085
quái	quais	16982
tà	taf	16982
Ổ	oor	16963
Khâu	khaau	16921
Bật	baatj	16917
Bính	binhs	16914
Thiệu	thieeuj	16913
Trâu	traau	16905
Nghiệp	nghieepj	16899
Hợp	howpj	16867
Khích	khichs	16867
chàng	changf	16856
Giáp	giaps	16849
Khoái	khoais	16848
Trịnh	trinhj	16847
Cáo	caos	16812
Dĩnh	dinhx	16804
Thê	thee	16756
Bì	bif	16755
Đan	ddan	16730
Yển	yeenr	16641
Ngạc	ngacj	16637
Thư	thuw	16627
Quyên	quyeen	16626
Mạc	macj	16610
Ngân	ngaan	16607
Hộ	hooj	16604
Thiện	thieenj	16599
Bà	baf	16598
Toản	toanr	16595
Huề	hueef	16593
Dậu	daauj	16591
phối	phoois	16578
xứng	xuwngs	16578
cồn	coonf	16488
tương	tuwowng	16419
ête	eete	16301
Ri-khơ-te	ri-khow-te	16217
Liông	lioong	16200
thăn	thawn	16189
Ri-vê-ra	ri-vee-ra	16179
lượng	luwowngj	15960
vàng	vangf	15945
nồi	nooif	15732
vạc	vacj	15732
Hâm	haam	15704
Chiêu	chieeu	15669
xuyến	xuyeens	15665
cùn	cunf	15636
chuông	chuoong	15632
thép	theps	15605
Quân	quaan	15546
núm	nums	15534
palađi	paladdi	15533
việt	vieetj	15497
chì	chif	15356
đạc	ddacj	15333
rôđi	rooddi	15330
cồng	coongf	15322
nhôm	nhoom	15287
crôm	croom	15265
xêzi	xeezi	15255
trải	trair	15174
xới	xowis	15097
chảo	chaor	15092
sạn	sanj	15078
giũa	giuax	15070
kẽm	kemx	15060
giản	gianr	15057
lỡ	lowx	15010
bôn	boon	15002
ỷ	yr	15000
thiếc	thieecs	14996
chiêng	chieeng	14980
rèn	renf	14977
chùy	chuyf	14973
dùi	duif	14973
cẩm	caamr	14969
gấm	gaams	14969
đàm	ddamf	14938
thỏi	thoir	14936
phím	phims	14935
cưa	cuwa	14933
magiê	magiee	14898
trấn	traans	14888
nhíp	nhips	14849
gương	guwowng	14828
Thiềm	thieemf	14815
xiềng	xieengf	14812
rađi	raddi	14800
liềm	lieemf	14796
viền	vieenf	14784
dài	daif	14781
cửa	cuwar	14586
lóe	loes	14502
sét	sets	14483
Diêm	dieem	14474
nhuận	nhuaanj	14387
Mẫn	maanx	14319
quậy	quaayj	14293
phiệt	phieetj	14229
Lãng	langx	14208
Xương	xuwowng	14199
Văn	vawn	14198
khép	kheps	14159
Khuyết	khuyeets	14155
Khám	khams	14153
Nguyễn	nguyeenx	14114
dương	duwowng	14024
anốt	anoots	13989
bìu	biuf	13960
catốt	catoots	13944
thềm	theemf	13891
Áp-đun-la	ap-ddun-las	13844
A-hàm	a-hamf	13841
Aquilé	aquiles	13826
Aquinô	aquinoo	13825
A-rập	a-raapj	13814
Ardèche	ardechef	13812
An-pơ	an-pow	13810
Angiê	angiee	13806
An-phơ-rét	an-phow-rets	13802
An-dát	an-dats	13795
A-xơ	a-xow	13747
A-đi-đát	a-ddi-ddats	13726
Đôxtôépxki	ddooxtooepxkis	13705
ám	ams	13666
Lũng	lungx	13632
Thiểm	thieemr	13407
gốm	gooms	13269
Tùy	tuyf	13212
Ngỗi	ngooix	13083
hạc	hacj	13056
Nestlé	nestles	12982
nhã	nhax	12929
Gia-cơ	gia-cow	12926
Estée	estees	12897
chùm	chumf	12860
cụm	cumj	12853
tuyết	tuyeets	12729
âm	aam	12672
Rémi	remis	12579
rađa	radda	12569
tạnh	tanhj	12532
Sáp	saps	12528
Hoắc	hoawcs	12492
Hà	haf	12432
lộ	looj	12422
sương	suwowng	12405
bá	bas	12386
lặng	lawngj	12237
tĩnh	tinhx	12222
mì	mif	12143
Cận	caanj	12036
ủng	ungr	12033
bốt	boots	12032
giày	giayf	12019
yên	yeen	12004
hẹ	hej	11904
nhạc	nhacj	11898
vận	vaanj	11847
Huế	huees	11755
vè	vef	11752
Hiệt	hieetj	11485
đề	ddeef	11436
gió	gios	11361
diều	dieeuf	11259
no	no	10924
bánh	banhs	10876
quán	quans	10847
thèm	themf	10829
trưởng	truwowngr	10778
Champs-Élysées	champs-elyseess	10702
ngựa	nguwaj	10644
Mác-xi	mac-xis	10625
Mác-Lênin	mac-leenins	10618
Man-đi-vơ	man-ddi-vow	10584
Mác-két	mac-kets	10583
Maranhão	maranhaox	10548
Ma-hơ-đi	ma-how-ddi	10485
cưỡi	cuwowix	10451
thồ	thoof	10446
Piêu	pieeu	10205
xương	xuwowng	10191
tủy	tuyr	10124
mũi	muix	10003
vẹt	vetj	10003
bờm	bowmf	10002
cá	cas	10002
diệc	dieecj	10001
hồn	hoonf	10001
vịt	vitj	10001
Bào	baof	10000
chồn	choonf	10000
Cổn	coonr	10000
đay	dday	10000
gà	gaf	10000
hủi	huir	10000
hươu	huwowu	10000
lân	laan	10000
Lê	lee	10000
Li-băng	li-bawng	10000
Mai-cồ	mai-coof	10000
micrô	microo	10000
mô	moo	10000
ngỗng	ngoongx	10000
Ngụy	nguyj	10000
phách	phachs	10000
phốt	phoots	10000
quăn	quawn	10000
quỷ	quyr	10000
rồng	roongf	10000
rỗ	roox	10000
sếu	seeus	10000
sởi	sowir	10000
thùa	thuaf	10000
ương	uwowng	10000
